Title : 25 to Life	url : https://genius.com/eminem-25-to-Life-lyrics
Title : 25 to Life	url : https://genius.com/eminem-25-to-Life-lyrics
Title : 3 am	url : https://genius.com/eminem-3-am-lyrics
Title : 3 am	url : https://genius.com/eminem-3-am-lyrics
Title : 313	url : https://genius.com/eminem-313-lyrics
Title : 313	url : https://genius.com/eminem-313-lyrics
Title : 313	url : https://genius.com/eminem-313-lyrics
Title : 313	url : https://genius.com/eminem-313-lyrics
Title : 4 Verses	url : https://genius.com/eminem-4-Versus-lyrics
Title : 4 Verses	url : https://genius.com/eminem-4-Versus-lyrics
Title : 8 Mile	url : https://genius.com/eminem-8-Mile-lyrics
Title : 8 Mile	url : https://genius.com/eminem-8-Mile-lyrics
Title : 911	url : https://genius.com/eminem-911-lyrics
Title : 911	url : https://genius.com/eminem-911-lyrics
Title : Almost Famous	url : https://genius.com/eminem-Almost-Famous-lyrics
Title : Almost Famous	url : https://genius.com/eminem-Almost-Famous-lyrics
Title : Amityville	url : https://genius.com/eminem-Amityville-lyrics
Title : Amityville	url : https://genius.com/eminem-Amityville-lyrics
Title : Amityville	url : https://genius.com/eminem-Amityville-lyrics
Title : Amityville	url : https://genius.com/eminem-Amityville-lyrics
Title : Any Man Fucking Crazy	url : https://genius.com/eminem-Any-Man-lyrics
Title : Any Man Fucking Crazy	url : https://genius.com/eminem-Any-Man-lyrics
Title : Any Man Fucking Crazy	url : https://genius.com/eminem-Any-Man-lyrics
Title : Any Man Fucking Crazy	url : https://genius.com/eminem-Any-Man-lyrics
Title : As the World Turns	url : https://genius.com/eminem-As-The-World-Turns-lyrics
Title : As the World Turns	url : https://genius.com/eminem-As-The-World-Turns-lyrics
Title : Ass Like That	url : https://genius.com/eminem-Ass-Like-That-lyrics
Title : Ass Like That	url : https://genius.com/eminem-Ass-Like-That-lyrics
Title : Ass Like That	url : https://genius.com/eminem-Ass-Like-That-lyrics
Title : Ass Like That	url : https://genius.com/eminem-Ass-Like-That-lyrics
Title : Baby	url : https://genius.com/eminem-Baby-lyrics
Title : Baby	url : https://genius.com/eminem-Baby-lyrics
Title : Backstabber	url : https://genius.com/eminem-Backstabber-lyrics
Title : Backstabber	url : https://genius.com/eminem-Backstabber-lyrics
Title : Backstabber	url : https://genius.com/eminem-Backstabber-lyrics
Title : Backstabber	url : https://genius.com/eminem-Backstabber-lyrics
Title : Bad Guy	url : https://genius.com/eminem-Bad-Guy-lyrics
Title : Bad Guy	url : https://genius.com/eminem-Bad-Guy-lyrics
Title : Bad Influence	url : https://genius.com/eminem-Bad-Influence-lyrics
Title : Bad Influence	url : https://genius.com/eminem-Bad-Influence-lyrics
Title : Bad Influence	url : https://genius.com/eminem-Bad-Influence-lyrics
Title : Bad Influence	url : https://genius.com/eminem-Bad-Influence-lyrics
Title : Bad Meets Evil	url : https://genius.com/eminem-Bad-Meets-Evil-lyrics
Title : Bad Meets Evil	url : https://genius.com/eminem-Bad-Meets-Evil-lyrics
Title : Bagpipes from Baghdad	url : https://genius.com/eminem-Bagpipes-From-Baghdad-lyrics
Title : Bagpipes from Baghdad	url : https://genius.com/eminem-Bagpipes-From-Baghdad-lyrics
Title : Beautiful Pain	url : https://genius.com/eminem-Beautiful-Pain-lyrics
Title : Beautiful Pain	url : https://genius.com/eminem-Beautiful-Pain-lyrics
Title : Beautiful	url : https://genius.com/eminem-Beautiful-lyrics
Title : Beautiful	url : https://genius.com/eminem-Beautiful-lyrics
Title : Berzerk	url : https://genius.com/eminem-Berzerk-lyrics
Title : Berzerk	url : https://genius.com/eminem-Berzerk-lyrics
Title : Big Weenie	url : https://genius.com/eminem-Big-Weenie-lyrics
Title : Big Weenie	url : https://genius.com/eminem-Big-Weenie-lyrics
Title : Big Weenie	url : https://genius.com/eminem-Big-Weenie-lyrics
Title : Big Weenie	url : https://genius.com/eminem-Big-Weenie-lyrics
Title : Bitch Please II	url : https://genius.com/eminem-Bitch-Please-II-lyrics
Title : Bitch Please II	url : https://genius.com/eminem-Bitch-Please-II-lyrics
Title : Brain Damage	url : https://genius.com/eminem-Brain-Damage-lyrics
Title : Brain Damage	url : https://genius.com/eminem-Brain-Damage-lyrics
Title : Brain Damage	url : https://genius.com/eminem-Brain-Damage-lyrics
Title : Brain Damage	url : https://genius.com/eminem-Brain-Damage-lyrics
Title : Brainless	url : https://genius.com/eminem-Brainless-lyrics
Title : Brainless	url : https://genius.com/eminem-Brainless-lyrics
Title : Buffalo Bill	url : https://genius.com/eminem-Buffalo-Bill-lyrics
Title : Buffalo Bill	url : https://genius.com/eminem-Buffalo-Bill-lyrics
Title : Bully	url : https://genius.com/eminem-Bully-lyrics
Title : Bully	url : https://genius.com/eminem-Bully-lyrics
Title : Bump Heads Ja Rule Diss	url : https://genius.com/eminem-Bump-Heads-lyrics
Title : Bump Heads Ja Rule Diss	url : https://genius.com/eminem-Bump-Heads-lyrics
Title : Bump Heads Ja Rule Diss	url : https://genius.com/eminem-Bump-Heads-lyrics
Title : Bump Heads Ja Rule Diss	url : https://genius.com/eminem-Bump-Heads-lyrics
Title : Business A Cappella	url : https://genius.com/eminem-Business-A-Cappella-lyrics
Title : Business A Cappella	url : https://genius.com/eminem-Business-A-Cappella-lyrics
Title : Business	url : https://genius.com/eminem-Business-lyrics
Title : Business	url : https://genius.com/eminem-Business-lyrics
Title : Business	url : https://genius.com/eminem-Business-lyrics
Title : Business	url : https://genius.com/eminem-Business-lyrics
Title : Can I Bitch Canibus Diss	url : https://genius.com/eminem-Can-I-Bitch-lyrics
Title : Can I Bitch Canibus Diss	url : https://genius.com/eminem-Can-I-Bitch-lyrics
Title : Careful What You Wish For	url : https://genius.com/eminem-Careful-What-You-Wish-For-lyrics
Title : Careful What You Wish For	url : https://genius.com/eminem-Careful-What-You-Wish-For-lyrics
Title : Cinderella Man	url : https://genius.com/eminem-Cinderella-Man-lyrics
Title : Cinderella Man	url : https://genius.com/eminem-Cinderella-Man-lyrics
Title : Cleanin Out My Closet	url : https://genius.com/eminem-Cleanin-Out-My-Closet-lyrics
Title : Cleanin Out My Closet	url : https://genius.com/eminem-Cleanin-Out-My-Closet-lyrics
Title : Cleanin Out My Closet	url : https://genius.com/eminem-Cleanin-Out-My-Closet-lyrics
Title : Cleanin Out My Closet	url : https://genius.com/eminem-Cleanin-Out-My-Closet-lyrics
Title : Cleanin Out My Closet	url : https://genius.com/eminem-Cleanin-Out-My-Closet-lyrics
Title : Cleanin Out My Closet	url : https://genius.com/eminem-Cleanin-Out-My-Closet-lyrics
Title : Cleanin Out My Closet	url : https://genius.com/eminem-Cleanin-Out-My-Closet-lyrics
Title : Cleanin Out My Closet	url : https://genius.com/eminem-Cleanin-Out-My-Closet-lyrics
Title : Cold Wind Blows	url : https://genius.com/eminem-Cold-Wind-Blows-lyrics
Title : Cold Wind Blows	url : https://genius.com/eminem-Cold-Wind-Blows-lyrics
Title : Crack a Bottle	url : https://genius.com/eminem-Crack-A-Bottle-lyrics
Title : Crack a Bottle	url : https://genius.com/eminem-Crack-A-Bottle-lyrics
Title : Crazy in Love	url : https://genius.com/eminem-Crazy-In-Love-lyrics
Title : Crazy in Love	url : https://genius.com/eminem-Crazy-In-Love-lyrics
Title : Crazy in Love	url : https://genius.com/eminem-Crazy-in-Love-lyrics
Title : Crazy in Love	url : https://genius.com/eminem-Crazy-in-Love-lyrics
Title : Criminal	url : https://genius.com/eminem-Criminal-lyrics
Title : Criminal	url : https://genius.com/eminem-Criminal-lyrics
Title : Criminal	url : https://genius.com/eminem-Criminal-lyrics
Title : Criminal	url : https://genius.com/eminem-Criminal-lyrics
Title : Criminal	url : https://genius.com/eminem-Criminal-lyrics
Title : Criminal	url : https://genius.com/eminem-Criminal-lyrics
Title : Criminal	url : https://genius.com/eminem-Criminal-lyrics
Title : Criminal	url : https://genius.com/eminem-Criminal-lyrics
Title : Criminal	url : https://genius.com/eminem-Criminal-lyrics
Title : Criminal	url : https://genius.com/eminem-Criminal-lyrics
Title : Cum on Everybody	url : https://genius.com/eminem-Cum-On-Everybody-lyrics
Title : Cum on Everybody	url : https://genius.com/eminem-Cum-On-Everybody-lyrics
Title : Curtains Close Skit	url : https://genius.com/eminem-Curtains-Close-Skit-lyrics
Title : Curtains Close Skit	url : https://genius.com/eminem-Curtains-Close-Skit-lyrics
Title : Curtains Up Skit	url : https://genius.com/eminem-Curtains-Up-Skit-lyrics
Title : Curtains Up Skit	url : https://genius.com/eminem-Curtains-Up-Skit-lyrics
Title : Dj Vu	url : https://genius.com/eminem-Deja-Vu-lyrics
Title : Dj Vu	url : https://genius.com/eminem-Deja-Vu-lyrics
Title : Desperados	url : https://genius.com/eminem-Desperados-lyrics
Title : Desperados	url : https://genius.com/eminem-Desperados-lyrics
Title : Desperation	url : https://genius.com/eminem-Desperation-lyrics
Title : Desperation	url : https://genius.com/eminem-Desperation-lyrics
Title : Detroit vs Everybody	url : https://genius.com/eminem-Detroit-Vs-Everybody-lyrics
Title : Detroit vs Everybody	url : https://genius.com/eminem-Detroit-Vs-Everybody-lyrics
Title : Die Alone	url : https://genius.com/eminem-Die-Alone-lyrics
Title : Die Alone	url : https://genius.com/eminem-Die-Alone-lyrics
Title : Difficult	url : https://genius.com/eminem-Difficult-lyrics
Title : Difficult	url : https://genius.com/eminem-Difficult-lyrics
Title : Dr West Skit	url : https://genius.com/eminem-Dr-West-lyrics
Title : Dr West Skit	url : https://genius.com/eminem-Dr-West-lyrics
Title : Drips	url : https://genius.com/eminem-Drips-lyrics
Title : Drips	url : https://genius.com/eminem-Drips-lyrics
Title : Drop the Bomb on Em	url : https://genius.com/eminem-Drop-the-Bomb-on-Em-lyrics
Title : Drop the Bomb on Em	url : https://genius.com/eminem-Drop-the-Bomb-on-Em-lyrics
Title : Drug Ballad	url : https://genius.com/eminem-Drug-Ballad-lyrics
Title : Drug Ballad	url : https://genius.com/eminem-Drug-Ballad-lyrics
Title : Elevator	url : https://genius.com/eminem-Elevator-lyrics
Title : Elevator	url : https://genius.com/eminem-Elevator-lyrics
Title : Em Calls Paul Skit 2004	url : https://genius.com/eminem-Em-Calls-Paul-Skit-lyrics
Title : Em Calls Paul Skit 2004	url : https://genius.com/eminem-Em-Calls-Paul-Skit-lyrics
Title : Em Calls Paul Skit 2004	url : https://genius.com/eminem-Em-Calls-Paul-Skit-lyrics
Title : Em Calls Paul Skit 2004	url : https://genius.com/eminem-Em-Calls-Paul-Skit-lyrics
Title : Encore  Curtains Down	url : https://genius.com/eminem-Encore-Curtains-Down-lyrics
Title : Encore  Curtains Down	url : https://genius.com/eminem-Encore-Curtains-Down-lyrics
Title : Encore  Curtains Down	url : https://genius.com/eminem-Encore-lyrics
Title : Encore  Curtains Down	url : https://genius.com/eminem-Encore-lyrics
Title : Evil Deeds	url : https://genius.com/eminem-Evil-Deeds-lyrics
Title : Evil Deeds	url : https://genius.com/eminem-Evil-Deeds-lyrics
Title : Evil Deeds	url : https://genius.com/eminem-Evil-Deeds-lyrics
Title : Evil Deeds	url : https://genius.com/eminem-Evil-Deeds-lyrics
Title : Evil Twin	url : https://genius.com/eminem-Evil-Twin-lyrics
Title : Evil Twin	url : https://genius.com/eminem-Evil-Twin-lyrics
Title : FACK	url : https://genius.com/eminem-FACK-lyrics
Title : FACK	url : https://genius.com/eminem-FACK-lyrics
Title : Fall	url : https://genius.com/eminem-Fall-lyrics
Title : Fall	url : https://genius.com/eminem-Fall-lyrics
Title : Final Thought Skit	url : https://genius.com/eminem-Final-Thought-Skit-lyrics
Title : Final Thought Skit	url : https://genius.com/eminem-Final-Thought-Skit-lyrics
Title : Fine Line	url : https://genius.com/eminem-Fine-Line-lyrics
Title : Fine Line	url : https://genius.com/eminem-Fine-Line-lyrics
Title : Fly Away	url : https://genius.com/eminem-Fly-Away-lyrics
Title : Fly Away	url : https://genius.com/eminem-Fly-Away-lyrics
Title : Freestyle Power 923	url : https://genius.com/eminem-Freestyle-Power-923-lyrics
Title : Freestyle Power 923	url : https://genius.com/eminem-Freestyle-Power-923-lyrics
Title : Fuck You Lab Rat Remix	url : https://genius.com/eminem-Fuck-You-Lab-Rat-Remix-lyrics
Title : Fuck You Lab Rat Remix	url : https://genius.com/eminem-Fuck-You-Lab-Rat-Remix-lyrics
Title : GOAT	url : https://genius.com/eminem-GOAT-lyrics
Title : GOAT	url : https://genius.com/eminem-GOAT-lyrics
Title : Get Money	url : https://genius.com/eminem-Get-Money-lyrics
Title : Get Money	url : https://genius.com/eminem-Get-Money-lyrics
Title : Get You Mad	url : https://genius.com/eminem-Get-You-Mad-lyrics
Title : Get You Mad	url : https://genius.com/eminem-Get-You-Mad-lyrics
Title : Get You Mad	url : https://genius.com/eminem-Get-You-Mad-lyrics
Title : Get You Mad	url : https://genius.com/eminem-Get-You-Mad-lyrics
Title : Get You Mad	url : https://genius.com/eminem-Get-You-Mad-lyrics
Title : Get You Mad	url : https://genius.com/eminem-Get-You-Mad-lyrics
Title : Girls Limp Bizkit Diss	url : https://genius.com/eminem-Girls-Limp-Bizkit-Diss-lyrics
Title : Girls Limp Bizkit Diss	url : https://genius.com/eminem-Girls-Limp-Bizkit-Diss-lyrics
Title : Girls Limp Bizkit Diss	url : https://genius.com/eminem-Girls-lyrics
Title : Girls Limp Bizkit Diss	url : https://genius.com/eminem-Girls-lyrics
Title : Go to Sleep	url : https://genius.com/eminem-Go-To-Sleep-lyrics
Title : Go to Sleep	url : https://genius.com/eminem-Go-To-Sleep-lyrics
Title : Go to Sleep	url : https://genius.com/eminem-Go-To-Sleep-lyrics
Title : Go to Sleep	url : https://genius.com/eminem-Go-To-Sleep-lyrics
Title : Go to Sleep	url : https://genius.com/eminem-Go-to-Sleep-lyrics
Title : Go to Sleep	url : https://genius.com/eminem-Go-to-Sleep-lyrics
Title : Going Through Changes	url : https://genius.com/eminem-Going-Through-Changes-lyrics
Title : Going Through Changes	url : https://genius.com/eminem-Going-Through-Changes-lyrics
Title : Good Guy	url : https://genius.com/eminem-Good-Guy-lyrics
Title : Good Guy	url : https://genius.com/eminem-Good-Guy-lyrics
Title : Greatest	url : https://genius.com/eminem-Greatest-lyrics
Title : Greatest	url : https://genius.com/eminem-Greatest-lyrics
Title : Groundhog Day	url : https://genius.com/eminem-Groundhog-Day-lyrics
Title : Groundhog Day	url : https://genius.com/eminem-Groundhog-Day-lyrics
Title : Guilty Conscience	url : https://genius.com/eminem-Guilty-Conscience-lyrics
Title : Guilty Conscience	url : https://genius.com/eminem-Guilty-Conscience-lyrics
Title : Guilty Conscience	url : https://genius.com/eminem-Guilty-Conscience-lyrics
Title : Guilty Conscience	url : https://genius.com/eminem-Guilty-Conscience-lyrics
Title : Guilty Conscience	url : https://genius.com/eminem-Guilty-Conscience-lyrics
Title : Guilty Conscience	url : https://genius.com/eminem-Guilty-Conscience-lyrics
Title : Guilty Conscience	url : https://genius.com/eminem-Guilty-Conscience-lyrics
Title : Guilty Conscience	url : https://genius.com/eminem-Guilty-Conscience-lyrics
Title : Hailies Song	url : https://genius.com/eminem-Hailies-Song-lyrics
Title : Hailies Song	url : https://genius.com/eminem-Hailies-Song-lyrics
Title : Hazardous Youth	url : https://genius.com/eminem-Hazardous-Youth-lyrics
Title : Hazardous Youth	url : https://genius.com/eminem-Hazardous-Youth-lyrics
Title : Hazardous Youth	url : https://genius.com/eminem-Hazardous-Youth-lyrics
Title : Hazardous Youth	url : https://genius.com/eminem-Hazardous-Youth-lyrics
Title : Hell Breaks Loose	url : https://genius.com/eminem-Hell-Breaks-Loose-lyrics
Title : Hell Breaks Loose	url : https://genius.com/eminem-Hell-Breaks-Loose-lyrics
Title : Hellbound	url : https://genius.com/eminem-Hellbound-lyrics
Title : Hellbound	url : https://genius.com/eminem-Hellbound-lyrics
Title : Hellbound	url : https://genius.com/eminem-Hellbound-lyrics
Title : Hellbound	url : https://genius.com/eminem-Hellbound-lyrics
Title : Hello	url : https://genius.com/eminem-Hello-lyrics
Title : Hello	url : https://genius.com/eminem-Hello-lyrics
Title : If I Get Locked Up	url : https://genius.com/eminem-If-I-Get-Locked-Up-Tonight-lyrics
Title : If I Get Locked Up	url : https://genius.com/eminem-If-I-Get-Locked-Up-Tonight-lyrics
Title : If I Get Locked Up	url : https://genius.com/eminem-If-I-Get-Locked-Up-Tonight-lyrics
Title : If I Get Locked Up	url : https://genius.com/eminem-If-I-Get-Locked-Up-Tonight-lyrics
Title : If I Had Radio Edit	url : https://genius.com/eminem-If-I-Had-Radio-Edit-lyrics
Title : If I Had Radio Edit	url : https://genius.com/eminem-If-I-Had-Radio-Edit-lyrics
Title : If I Had	url : https://genius.com/eminem-If-I-Had-lyrics
Title : If I Had	url : https://genius.com/eminem-If-I-Had-lyrics
Title : If I Had	url : https://genius.com/eminem-If-I-Had-lyrics
Title : If I Had	url : https://genius.com/eminem-If-I-Had-lyrics
Title : Im Back	url : https://genius.com/eminem-Im-Back-lyrics
Title : Im Back	url : https://genius.com/eminem-Im-Back-lyrics
Title : Im Back	url : https://genius.com/eminem-Im-Back-lyrics
Title : Im Back	url : https://genius.com/eminem-Im-Back-lyrics
Title : Im Shady	url : https://genius.com/eminem-Im-Shady-lyrics
Title : Im Shady	url : https://genius.com/eminem-Im-Shady-lyrics
Title : Infinite	url : https://genius.com/eminem-Infinite-lyrics
Title : Infinite	url : https://genius.com/eminem-Infinite-lyrics
Title : Infinite	url : https://genius.com/eminem-Infinite-lyrics
Title : Infinite	url : https://genius.com/eminem-Infinite-lyrics
Title : Insane	url : https://genius.com/eminem-Insane-lyrics
Title : Insane	url : https://genius.com/eminem-Insane-lyrics
Title : Intro Curtain Call	url : https://genius.com/eminem-Intro-Curtain-Call-lyrics
Title : Intro Curtain Call	url : https://genius.com/eminem-Intro-Curtain-Call-lyrics
Title : Slim Shady Intro	url : https://genius.com/eminem-Intro-Slim-Shady-lyrics
Title : Slim Shady Intro	url : https://genius.com/eminem-Intro-Slim-Shady-lyrics
Title : Intro	url : https://genius.com/eminem-Intro-lyrics
Title : Intro	url : https://genius.com/eminem-Intro-lyrics
Title : Intro	url : https://genius.com/eminem-Intro-lyrics
Title : Intro	url : https://genius.com/eminem-Intro-lyrics
Title : Its Okay	url : https://genius.com/eminem-Its-OK-lyrics
Title : Its Okay	url : https://genius.com/eminem-Its-OK-lyrics
Title : Its Okay	url : https://genius.com/eminem-Its-Ok-lyrics
Title : Its Okay	url : https://genius.com/eminem-Its-Ok-lyrics
Title : Jealousy Woes II	url : https://genius.com/eminem-Jealousy-Woes-II-lyrics
Title : Jealousy Woes II	url : https://genius.com/eminem-Jealousy-Woes-II-lyrics
Title : Jimmy Crack Corn	url : https://genius.com/eminem-Jimmy-Crack-Corn-lyrics
Title : Jimmy Crack Corn	url : https://genius.com/eminem-Jimmy-Crack-Corn-lyrics
Title : Jimmy Crack Corn	url : https://genius.com/eminem-Jimmy-Crack-Corn-lyrics
Title : Jimmy Crack Corn	url : https://genius.com/eminem-Jimmy-Crack-Corn-lyrics
Title : Just Dont Give a  Radio Edit	url : https://genius.com/eminem-Just-Dont-Give-A-F-Radio-Edit-lyrics
Title : Just Dont Give a  Radio Edit	url : https://genius.com/eminem-Just-Dont-Give-A-F-Radio-Edit-lyrics
Title : Just Dont Give a Fuck	url : https://genius.com/eminem-Just-Dont-Give-A-Fuck-lyrics
Title : Just Dont Give a Fuck	url : https://genius.com/eminem-Just-Dont-Give-A-Fuck-lyrics
Title : Just Dont Give a Fuck	url : https://genius.com/eminem-Just-Dont-Give-A-Fuck-lyrics
Title : Just Dont Give a Fuck	url : https://genius.com/eminem-Just-Dont-Give-A-Fuck-lyrics
Title : Just Dont Give a Fuck	url : https://genius.com/eminem-Just-Dont-Give-A-Fuck-lyrics
Title : Just Dont Give a Fuck	url : https://genius.com/eminem-Just-Dont-Give-A-Fuck-lyrics
Title : Just Dont Give a Fuck	url : https://genius.com/eminem-Just-Dont-Give-A-Fuck-lyrics
Title : Just Dont Give a Fuck	url : https://genius.com/eminem-Just-Dont-Give-A-Fuck-lyrics
Title : Just Dont Give a Fuck	url : https://genius.com/eminem-Just-Dont-Give-A-Fuck-lyrics
Title : Just Dont Give a Fuck	url : https://genius.com/eminem-Just-Dont-Give-A-Fuck-lyrics
Title : Just Lose It	url : https://genius.com/eminem-Just-Lose-It-lyrics
Title : Just Lose It	url : https://genius.com/eminem-Just-Lose-It-lyrics
Title : Just Lose It	url : https://genius.com/eminem-Just-Lose-It-lyrics
Title : Just Lose It	url : https://genius.com/eminem-Just-Lose-It-lyrics
Title : Just Lose It	url : https://genius.com/eminem-Just-Lose-It-lyrics
Title : Just Lose It	url : https://genius.com/eminem-Just-Lose-It-lyrics
Title : Just Lose It	url : https://genius.com/eminem-Just-Lose-It-lyrics
Title : Just Lose It	url : https://genius.com/eminem-Just-Lose-It-lyrics
Title : Just the Two of Us	url : https://genius.com/eminem-Just-The-Two-Of-Us-lyrics
Title : Just the Two of Us	url : https://genius.com/eminem-Just-The-Two-Of-Us-lyrics
Title : Kamikaze	url : https://genius.com/eminem-Kamikaze-lyrics
Title : Kamikaze	url : https://genius.com/eminem-Kamikaze-lyrics
Title : Ken Kaniff Skit 1999	url : https://genius.com/eminem-Ken-Kaniff-lyrics
Title : Ken Kaniff Skit 1999	url : https://genius.com/eminem-Ken-Kaniff-lyrics
Title : Ken Kaniff Skit 1999	url : https://genius.com/eminem-Ken-Kaniff-skit-lyrics
Title : Ken Kaniff Skit 1999	url : https://genius.com/eminem-Ken-Kaniff-skit-lyrics
Title : Kill You	url : https://genius.com/eminem-Kill-You-lyrics
Title : Kill You	url : https://genius.com/eminem-Kill-You-lyrics
Title : Kill You	url : https://genius.com/eminem-Kill-You-lyrics
Title : Kill You	url : https://genius.com/eminem-Kill-You-lyrics
Title : Kill You	url : https://genius.com/eminem-Kill-You-lyrics
Title : Kill You	url : https://genius.com/eminem-Kill-You-lyrics
Title : Kill You	url : https://genius.com/eminem-Kill-You-lyrics
Title : Kill You	url : https://genius.com/eminem-Kill-You-lyrics
Title : Kim	url : https://genius.com/eminem-Kim-lyrics
Title : Kim	url : https://genius.com/eminem-Kim-lyrics
Title : Legacy	url : https://genius.com/eminem-Legacy-lyrics
Title : Legacy	url : https://genius.com/eminem-Legacy-lyrics
Title : Like Toy Soldiers	url : https://genius.com/eminem-Like-Toy-Soldiers-lyrics
Title : Like Toy Soldiers	url : https://genius.com/eminem-Like-Toy-Soldiers-lyrics
Title : Like Toy Soldiers	url : https://genius.com/eminem-Like-Toy-Soldiers-lyrics
Title : Like Toy Soldiers	url : https://genius.com/eminem-Like-Toy-Soldiers-lyrics
Title : Lose Yourself Instrumental	url : https://genius.com/eminem-Lose-Yourself-Instrumental-lyrics
Title : Lose Yourself Instrumental	url : https://genius.com/eminem-Lose-Yourself-Instrumental-lyrics
Title : Lose Yourself	url : https://genius.com/eminem-Lose-Yourself-lyrics
Title : Lose Yourself	url : https://genius.com/eminem-Lose-Yourself-lyrics
Title : Lose Yourself	url : https://genius.com/eminem-Lose-Yourself-lyrics
Title : Lose Yourself	url : https://genius.com/eminem-Lose-Yourself-lyrics
Title : Lounge Skit	url : https://genius.com/eminem-Lounge-lyrics
Title : Lounge Skit	url : https://genius.com/eminem-Lounge-lyrics
Title : Love Me	url : https://genius.com/eminem-Love-Me-lyrics
Title : Love Me	url : https://genius.com/eminem-Love-Me-lyrics
Title : Love Me	url : https://genius.com/eminem-Love-Me-lyrics
Title : Love Me	url : https://genius.com/eminem-Love-Me-lyrics
Title : Love You More	url : https://genius.com/eminem-Love-You-More-lyrics
Title : Love You More	url : https://genius.com/eminem-Love-You-More-lyrics
Title : Love You More	url : https://genius.com/eminem-Love-You-More-lyrics
Title : Love You More	url : https://genius.com/eminem-Love-You-More-lyrics
Title : Love the Way You Lie	url : https://genius.com/eminem-Love-the-Way-You-Lie-lyrics
Title : Love the Way You Lie	url : https://genius.com/eminem-Love-the-Way-You-Lie-lyrics
Title : Low Down Dirty	url : https://genius.com/eminem-Low-Down-Dirty-lyrics
Title : Low Down Dirty	url : https://genius.com/eminem-Low-Down-Dirty-lyrics
Title : Low Down Dirty	url : https://genius.com/eminem-Low-Down-Dirty-lyrics
Title : Low Down Dirty	url : https://genius.com/eminem-Low-Down-Dirty-lyrics
Title : Low Down Dirty	url : https://genius.com/eminem-Low-Down-Dirty-lyrics
Title : Low Down Dirty	url : https://genius.com/eminem-Low-Down-Dirty-lyrics
Title : Lucky You	url : https://genius.com/eminem-Lucky-You-lyrics
Title : Lucky You	url : https://genius.com/eminem-Lucky-You-lyrics
Title : Marshall Mathers	url : https://genius.com/eminem-Marshall-Mathers-lyrics
Title : Marshall Mathers	url : https://genius.com/eminem-Marshall-Mathers-lyrics
Title : Marshall Mathers	url : https://genius.com/eminem-Marshall-Mathers-lyrics
Title : Marshall Mathers	url : https://genius.com/eminem-Marshall-Mathers-lyrics
Title : Marshall Mathers	url : https://genius.com/eminem-Marshall-Mathers-lyrics
Title : Marshall Mathers	url : https://genius.com/eminem-Marshall-Mathers-lyrics
Title : Maxine	url : https://genius.com/eminem-Maxine-lyrics
Title : Maxine	url : https://genius.com/eminem-Maxine-lyrics
Title : Maxine	url : https://genius.com/eminem-Maxine-lyrics
Title : Maxine	url : https://genius.com/eminem-Maxine-lyrics
Title : Medicine Ball	url : https://genius.com/eminem-Medicine-Ball-lyrics
Title : Medicine Ball	url : https://genius.com/eminem-Medicine-Ball-lyrics
Title : Mockingbird	url : https://genius.com/eminem-Mockingbird-lyrics
Title : Mockingbird	url : https://genius.com/eminem-Mockingbird-lyrics
Title : Mockingbird	url : https://genius.com/eminem-Mockingbird-lyrics
Title : Mockingbird	url : https://genius.com/eminem-Mockingbird-lyrics
Title : Mommy Skit	url : https://genius.com/eminem-Mommy-lyrics
Title : Mommy Skit	url : https://genius.com/eminem-Mommy-lyrics
Title : Monkey See Monkey Do	url : https://genius.com/eminem-Monkey-See-Monkey-Do-lyrics
Title : Monkey See Monkey Do	url : https://genius.com/eminem-Monkey-See-Monkey-Do-lyrics
Title : Monkey See Monkey Do	url : https://genius.com/eminem-Monkey-See-Monkey-Do-lyrics
Title : Monkey See Monkey Do	url : https://genius.com/eminem-Monkey-See-Monkey-Do-lyrics
Title : Mosh	url : https://genius.com/eminem-Mosh-lyrics
Title : Mosh	url : https://genius.com/eminem-Mosh-lyrics
Title : Mosh	url : https://genius.com/eminem-Mosh-lyrics
Title : Mosh	url : https://genius.com/eminem-Mosh-lyrics
Title : Murder Murder	url : https://genius.com/eminem-Murder-Murder-lyrics
Title : Murder Murder	url : https://genius.com/eminem-Murder-Murder-lyrics
Title : Murder Murder	url : https://genius.com/eminem-Murder-Murder-lyrics
Title : Murder Murder	url : https://genius.com/eminem-Murder-Murder-lyrics
