Title : 25 to Life , url : https://genius.com/eminem-25-to-Life-lyrics
Title : 3 am , url : https://genius.com/eminem-3-am-lyrics
Title : 313 , url : https://genius.com/eminem-313-lyrics
Title : 4 Verses , url : https://genius.com/eminem-4-Versus-lyrics
Title : 8 Mile , url : https://genius.com/eminem-8-Mile-lyrics
Title : 911 , url : https://genius.com/eminem-911-lyrics
Title : Almost Famous , url : https://genius.com/eminem-Almost-Famous-lyrics
Title : Amityville , url : https://genius.com/eminem-Amityville-lyrics
Title : Any Man Fucking Crazy , url : https://genius.com/eminem-Any-Man-lyrics
Title : As the World Turns , url : https://genius.com/eminem-As-The-World-Turns-lyrics
Title : Ass Like That , url : https://genius.com/eminem-Ass-Like-That-lyrics
Title : Baby , url : https://genius.com/eminem-Baby-lyrics
Title : Backstabber , url : https://genius.com/eminem-Backstabber-lyrics
Title : Bad Guy , url : https://genius.com/eminem-Bad-Guy-lyrics
Title : Bad Influence , url : https://genius.com/eminem-Bad-Influence-lyrics
Title : Bad Meets Evil , url : https://genius.com/eminem-Bad-Meets-Evil-lyrics
Title : Bagpipes from Baghdad , url : https://genius.com/eminem-Bagpipes-From-Baghdad-lyrics
Title : Beautiful Pain , url : https://genius.com/eminem-Beautiful-Pain-lyrics
Title : Beautiful , url : https://genius.com/eminem-Beautiful-lyrics
Title : Berzerk , url : https://genius.com/eminem-Berzerk-lyrics
Title : Big Weenie , url : https://genius.com/eminem-Big-Weenie-lyrics
Title : Bitch Please II , url : https://genius.com/eminem-Bitch-Please-II-lyrics
Title : Brain Damage , url : https://genius.com/eminem-Brain-Damage-lyrics
Title : Brainless , url : https://genius.com/eminem-Brainless-lyrics
Title : Buffalo Bill , url : https://genius.com/eminem-Buffalo-Bill-lyrics
Title : Bully , url : https://genius.com/eminem-Bully-lyrics
Title : Bump Heads Ja Rule Diss , url : https://genius.com/eminem-Bump-Heads-lyrics
Title : Business A Cappella , url : https://genius.com/eminem-Business-A-Cappella-lyrics
Title : Business , url : https://genius.com/eminem-Business-lyrics
Title : Can I Bitch Canibus Diss , url : https://genius.com/eminem-Can-I-Bitch-lyrics
Title : Careful What You Wish For , url : https://genius.com/eminem-Careful-What-You-Wish-For-lyrics
Title : Cleanin Out My Closet , url : https://genius.com/eminem-Cleanin-Out-My-Closet-lyrics
Title : Cold Wind Blows , url : https://genius.com/eminem-Cold-Wind-Blows-lyrics
Title : Crack a Bottle , url : https://genius.com/eminem-Crack-A-Bottle-lyrics
Title : Crazy in Love , url : https://genius.com/eminem-Crazy-In-Love-lyrics
Title : Criminal , url : https://genius.com/eminem-Criminal-lyrics
Title : Cum on Everybody , url : https://genius.com/eminem-Cum-On-Everybody-lyrics
Title : Curtains Close Skit , url : https://genius.com/eminem-Curtains-Close-Skit-lyrics
Title : Curtains Up Skit , url : https://genius.com/eminem-Curtains-Up-Skit-lyrics
Title : Dj Vu , url : https://genius.com/eminem-Deja-Vu-lyrics
Title : Desperados , url : https://genius.com/eminem-Desperados-lyrics
Title : Desperation , url : https://genius.com/eminem-Desperation-lyrics
Title : Detroit vs Everybody , url : https://genius.com/eminem-Detroit-Vs-Everybody-lyrics
Title : Die Alone , url : https://genius.com/eminem-Die-Alone-lyrics
Title : Difficult , url : https://genius.com/eminem-Difficult-lyrics
Title : Dr West Skit , url : https://genius.com/eminem-Dr-West-lyrics
Title : Drips , url : https://genius.com/eminem-Drips-lyrics
Title : Drop the Bomb on Em , url : https://genius.com/eminem-Drop-the-Bomb-on-Em-lyrics
Title : Drug Ballad , url : https://genius.com/eminem-Drug-Ballad-lyrics
Title : Elevator , url : https://genius.com/eminem-Elevator-lyrics
Title : Em Calls Paul Skit 2004 , url : https://genius.com/eminem-Em-Calls-Paul-Skit-lyrics
Title : Encore  Curtains Down , url : https://genius.com/eminem-Encore-Curtains-Down-lyrics
Title : Evil Deeds , url : https://genius.com/eminem-Evil-Deeds-lyrics
Title : Evil Twin , url : https://genius.com/eminem-Evil-Twin-lyrics
Title : FACK , url : https://genius.com/eminem-FACK-lyrics
Title : Fall , url : https://genius.com/eminem-Fall-lyrics
Title : Final Thought Skit , url : https://genius.com/eminem-Final-Thought-Skit-lyrics
Title : Fine Line , url : https://genius.com/eminem-Fine-Line-lyrics
Title : Fly Away , url : https://genius.com/eminem-Fly-Away-lyrics
Title : Freestyle Power 923 , url : https://genius.com/eminem-Freestyle-Power-923-lyrics
Title : Fuck You Lab Rat Remix , url : https://genius.com/eminem-Fuck-You-Lab-Rat-Remix-lyrics
Title : GOAT , url : https://genius.com/eminem-GOAT-lyrics
Title : Get Money , url : https://genius.com/eminem-Get-Money-lyrics
Title : Get You Mad , url : https://genius.com/eminem-Get-You-Mad-lyrics
Title : Girls Limp Bizkit Diss , url : https://genius.com/eminem-Girls-Limp-Bizkit-Diss-lyrics
Title : Go to Sleep , url : https://genius.com/eminem-Go-To-Sleep-lyrics
Title : Going Through Changes , url : https://genius.com/eminem-Going-Through-Changes-lyrics
Title : Good Guy , url : https://genius.com/eminem-Good-Guy-lyrics
Title : Greatest , url : https://genius.com/eminem-Greatest-lyrics
Title : Groundhog Day , url : https://genius.com/eminem-Groundhog-Day-lyrics
Title : Guilty Conscience , url : https://genius.com/eminem-Guilty-Conscience-lyrics
Title : Hailies Song , url : https://genius.com/eminem-Hailies-Song-lyrics
Title : Hazardous Youth , url : https://genius.com/eminem-Hazardous-Youth-lyrics
Title : Hell Breaks Loose , url : https://genius.com/eminem-Hell-Breaks-Loose-lyrics
Title : Hellbound , url : https://genius.com/eminem-Hellbound-lyrics
Title : Hello , url : https://genius.com/eminem-Hello-lyrics
Title : If I Get Locked Up , url : https://genius.com/eminem-If-I-Get-Locked-Up-Tonight-lyrics
Title : If I Had Radio Edit , url : https://genius.com/eminem-If-I-Had-Radio-Edit-lyrics
Title : If I Had , url : https://genius.com/eminem-If-I-Had-lyrics
Title : Im Back , url : https://genius.com/eminem-Im-Back-lyrics
Title : Im Shady , url : https://genius.com/eminem-Im-Shady-lyrics
Title : Infinite , url : https://genius.com/eminem-Infinite-lyrics
Title : Insane , url : https://genius.com/eminem-Insane-lyrics
Title : Intro Curtain Call , url : https://genius.com/eminem-Intro-Curtain-Call-lyrics
Title : Slim Shady Intro , url : https://genius.com/eminem-Intro-Slim-Shady-lyrics
Title : Intro , url : https://genius.com/eminem-Intro-lyrics
Title : Its Okay , url : https://genius.com/eminem-Its-OK-lyrics
Title : Jealousy Woes II , url : https://genius.com/eminem-Jealousy-Woes-II-lyrics
Title : Jimmy Crack Corn , url : https://genius.com/eminem-Jimmy-Crack-Corn-lyrics
Title : Just Dont Give a  Radio Edit , url : https://genius.com/eminem-Just-Dont-Give-A-F-Radio-Edit-lyrics
Title : Just Dont Give a Fuck , url : https://genius.com/eminem-Just-Dont-Give-A-Fuck-lyrics
Title : Just Lose It , url : https://genius.com/eminem-Just-Lose-It-lyrics
Title : Just the Two of Us , url : https://genius.com/eminem-Just-The-Two-Of-Us-lyrics
Title : Kamikaze , url : https://genius.com/eminem-Kamikaze-lyrics
Title : Ken Kaniff Skit 1999 , url : https://genius.com/eminem-Ken-Kaniff-lyrics
Title : Kill You , url : https://genius.com/eminem-Kill-You-lyrics
Title : Kim , url : https://genius.com/eminem-Kim-lyrics
Title : Legacy , url : https://genius.com/eminem-Legacy-lyrics
Title : Like Toy Soldiers , url : https://genius.com/eminem-Like-Toy-Soldiers-lyrics
Title : Lose Yourself Instrumental , url : https://genius.com/eminem-Lose-Yourself-Instrumental-lyrics
Title : Lose Yourself , url : https://genius.com/eminem-Lose-Yourself-lyrics
Title : Lounge Skit , url : https://genius.com/eminem-Lounge-lyrics
Title : Love Me , url : https://genius.com/eminem-Love-Me-lyrics
Title : Love You More , url : https://genius.com/eminem-Love-You-More-lyrics
Title : Love the Way You Lie , url : https://genius.com/eminem-Love-the-Way-You-Lie-lyrics
Title : Low Down Dirty , url : https://genius.com/eminem-Low-Down-Dirty-lyrics
Title : Lucky You , url : https://genius.com/eminem-Lucky-You-lyrics
Title : Marshall Mathers , url : https://genius.com/eminem-Marshall-Mathers-lyrics
Title : Maxine , url : https://genius.com/eminem-Maxine-lyrics
Title : Medicine Ball , url : https://genius.com/eminem-Medicine-Ball-lyrics
Title : Mockingbird , url : https://genius.com/eminem-Mockingbird-lyrics
Title : Mommy Skit , url : https://genius.com/eminem-Mommy-lyrics
Title : Monkey See Monkey Do , url : https://genius.com/eminem-Monkey-See-Monkey-Do-lyrics
Title : Mosh , url : https://genius.com/eminem-Mosh-lyrics
Title : Murder Murder , url : https://genius.com/eminem-Murder-Murder-lyrics
Title : Music Box , url : https://genius.com/eminem-Music-Box-lyrics
Title : Must Be the Ganja , url : https://genius.com/eminem-Must-Be-The-Ganja-lyrics
Title : My 1st Single , url : https://genius.com/eminem-My-1st-Single-lyrics
Title : My Dads Gone Crazy , url : https://genius.com/eminem-My-Dads-Gone-Crazy-lyrics
Title : My Darling , url : https://genius.com/eminem-My-Darling-lyrics
Title : My Fault Pizza Mix , url : https://genius.com/eminem-My-Fault-Pizza-Mix-lyrics
Title : My Fault , url : https://genius.com/eminem-My-Fault-lyrics
Title : My Mom , url : https://genius.com/eminem-My-Mom-lyrics
Title : My Name Is Instrumental , url : https://genius.com/eminem-My-Name-Is-Instrumental-lyrics
Title : My Name Is , url : https://genius.com/eminem-My-Name-Is-lyrics
Title : Nail in the Coffin Benzino Diss , url : https://genius.com/eminem-Nail-In-The-Coffin-lyrics
Title : Never 2 Far , url : https://genius.com/eminem-Never-2-Far-lyrics
Title : Never Enough , url : https://genius.com/eminem-Never-Enough-lyrics
Title : Nice Guy , url : https://genius.com/eminem-Nice-Guy-lyrics
Title : No Apologies , url : https://genius.com/eminem-No-Apologies-lyrics
Title : No Love , url : https://genius.com/eminem-No-Love-lyrics
Title : No Ones Iller , url : https://genius.com/eminem-No-Ones-Iller-lyrics
Title : Normal , url : https://genius.com/eminem-Normal-lyrics
Title : Not Afraid , url : https://genius.com/eminem-Not-Afraid-lyrics
Title : Not Alike , url : https://genius.com/eminem-Not-Alike-lyrics
Title : Off The Dome Freestyle , url : https://genius.com/eminem-Off-The-Dome-Freestyle-lyrics
Title : Off the Wall , url : https://genius.com/eminem-Off-The-Wall-lyrics
Title : Old Times Sake , url : https://genius.com/eminem-Old-Times-Sake-lyrics
Title : On Fire , url : https://genius.com/eminem-On-Fire-lyrics
Title : One Shot 2 Shot , url : https://genius.com/eminem-One-Shot-2-Shot-lyrics
Title : Open Mic , url : https://genius.com/eminem-Open-Mic-lyrics
Title : Our House , url : https://genius.com/eminem-Our-House-lyrics
Title : Parking Lot Skit , url : https://genius.com/eminem-Parking-Lot-Skit-lyrics
Title : Paul Skit 1999 , url : https://genius.com/eminem-Paul-Skit-lyrics
Title : Paul Skit 2000 , url : https://genius.com/eminem-Paul-lyrics
Title : Phone Tap Freestyle , url : https://genius.com/eminem-Phone-Tap-Freestyle-lyrics
Title : Public Enemy 1 , url : https://genius.com/eminem-Public-Enemy-1-lyrics
Title : Public Service Announcement , url : https://genius.com/eminem-Public-Service-Announcement-lyrics
Title : Puke , url : https://genius.com/eminem-Puke-lyrics
Title : Quitter Everlast Diss , url : https://genius.com/eminem-Quitter-lyrics
Title : Rabbit Run , url : https://genius.com/eminem-Rabbit-Run-lyrics
Title : Radio Freestyle 1 , url : https://genius.com/eminem-Radio-Freestyle-1-lyrics
Title : Radio Freestyle 2 , url : https://genius.com/eminem-Radio-Freestyle-2-lyrics
Title : Radio Freestyle 3 , url : https://genius.com/eminem-Radio-Freestyle-3-lyrics
Title : Rain Man , url : https://genius.com/eminem-Rain-Man-lyrics
Title : Rap God , url : https://genius.com/eminem-Rap-God-lyrics
Title : Remember Me , url : https://genius.com/eminem-Remember-Me-lyrics
Title : Rex Skit , url : https://genius.com/eminem-Rex-Skit-lyrics
Title : Rhyme or Reason , url : https://genius.com/eminem-Rhyme-Or-Reason-lyrics
Title : Ricky Ticky Toc , url : https://genius.com/eminem-Ricky-Ticky-Toc-lyrics
Title : Ridaz , url : https://genius.com/eminem-Ridaz-lyrics
Title : Right for Me , url : https://genius.com/eminem-Right-For-Me-lyrics
Title : Rock Bottom , url : https://genius.com/eminem-Rock-Bottom-lyrics
Title : Role Model , url : https://genius.com/eminem-Role-Model-lyrics
Title : ShadyXV , url : https://genius.com/eminem-SHADYXV-lyrics
Title : Same Song  Dance , url : https://genius.com/eminem-Same-Song-And-Dance-lyrics
Title : Say Goodbye Hollywood , url : https://genius.com/eminem-Say-Goodbye-Hollywood-lyrics
Title : Say What You Say , url : https://genius.com/eminem-Say-What-You-Say-lyrics
Title : Searchin , url : https://genius.com/eminem-Searchin-lyrics
Title : Seduction , url : https://genius.com/eminem-Seduction-lyrics
Title : Session One , url : https://genius.com/eminem-Session-One-lyrics
Title : Shady Narcotics , url : https://genius.com/eminem-Shady-Narcotics-lyrics
Title : Shake That Remix , url : https://genius.com/eminem-Shake-That-Remix-lyrics
Title : Shake That , url : https://genius.com/eminem-Shake-That-lyrics
Title : Sing for the Moment , url : https://genius.com/eminem-Sing-For-The-Moment-lyrics
Title : So Bad , url : https://genius.com/eminem-So-Bad-lyrics
Title : So Far , url : https://genius.com/eminem-So-Far-lyrics
Title : So Much Better , url : https://genius.com/eminem-So-Much-Better-lyrics
Title : Soap Skit , url : https://genius.com/eminem-Soap-lyrics
Title : Soldier , url : https://genius.com/eminem-Soldier-lyrics
Title : Space Bound , url : https://genius.com/eminem-Space-Bound-lyrics
Title : Spend Some Time , url : https://genius.com/eminem-Spend-Some-Time-lyrics
Title : Square Dance , url : https://genius.com/eminem-Square-Dance-lyrics
Title : Stan , url : https://genius.com/eminem-Stan-lyrics
Title : Stay Wide Awake , url : https://genius.com/eminem-Stay-Wide-Awake-lyrics
Title : Stepping Stone , url : https://genius.com/eminem-Stepping-Stone-lyrics
Title : Steve Berman Skit 2000 , url : https://genius.com/eminem-Steve-Berman-Skit-lyrics
Title : Still Dont Give a Fuck , url : https://genius.com/eminem-Still-Dont-Give-A-Fuck-lyrics
Title : Stimulate , url : https://genius.com/eminem-Stimulate-lyrics
Title : Stronger Than I Was , url : https://genius.com/eminem-Stronger-Than-I-Was-lyrics
Title : Superman , url : https://genius.com/eminem-Superman-lyrics
Title : Survival , url : https://genius.com/eminem-Survival-lyrics
Title : Good Night , url : https://genius.com/eminem-Take-The-Whole-World-With-Me-lyrics
Title : Taking My Ball , url : https://genius.com/eminem-Taking-My-Ball-lyrics
Title : Talkin 2 Myself , url : https://genius.com/eminem-Talkin-2-Myself-lyrics
Title : The Kids , url : https://genius.com/eminem-The-Kids-lyrics
Title : The Kiss Skit , url : https://genius.com/eminem-The-Kiss-Skit-lyrics
Title : The Real Slim Shady , url : https://genius.com/eminem-The-Real-Slim-Shady-lyrics
Title : The Ringer , url : https://genius.com/eminem-The-Ringer-lyrics
Title : The Warning , url : https://genius.com/eminem-The-Warning-lyrics
Title : The Way I Am , url : https://genius.com/eminem-The-Way-I-Am-lyrics
Title : Things Get Worse , url : https://genius.com/eminem-Things-Get-Worse-lyrics
Title : Thug Luv Remix , url : https://genius.com/eminem-Thug-Luv-Remix-lyrics
Title : Till I Collapse , url : https://genius.com/eminem-Till-I-Collapse-lyrics
Title : Tonite , url : https://genius.com/eminem-Tonite-lyrics
Title : Tonya Skit , url : https://genius.com/eminem-Tonya-Skit-lyrics
Title : Tylenol Island , url : https://genius.com/eminem-Tylenol-Island-lyrics
Title : Under the Influence , url : https://genius.com/eminem-Under-The-Influence-lyrics
Title : Underground , url : https://genius.com/eminem-Underground-lyrics
Title : Untitled , url : https://genius.com/eminem-Untitled-lyrics
Title : Venom , url : https://genius.com/eminem-Venom-Music-From-the-Motion-Picture-lyrics
Title : WEGO Interlude , url : https://genius.com/eminem-WEGO-Interlude-lyrics
Title : WTP , url : https://genius.com/eminem-WTP-lyrics
Title : Wanksta Eminems Version , url : https://genius.com/eminem-Wanksta-Eminems-Version-lyrics
Title : We as Americans , url : https://genius.com/eminem-We-As-Americans-lyrics
Title : We Made You , url : https://genius.com/eminem-We-Made-You-lyrics
Title : Wee Wee , url : https://genius.com/eminem-Wee-Wee-lyrics
Title : Were Back , url : https://genius.com/eminem-Were-Back-lyrics
Title : When Im Gone , url : https://genius.com/eminem-When-Im-Gone-lyrics
Title : When the Music Stops , url : https://genius.com/eminem-When-The-Music-Stops-lyrics
Title : Whether or Not , url : https://genius.com/eminem-Whether-Or-Not-lyrics
Title : White America , url : https://genius.com/eminem-White-America-lyrics
Title : Who Knew , url : https://genius.com/eminem-Who-Knew-lyrics
Title : Wicked Ways , url : https://genius.com/eminem-Wicked-Ways-lyrics
Title : Without Me A Cappella , url : https://genius.com/eminem-Without-Me-A-Cappella-lyrics
Title : Without Me Instrumental , url : https://genius.com/eminem-Without-Me-Instrumental-lyrics
Title : Without Me , url : https://genius.com/eminem-Without-Me-lyrics
Title : Wont Back Down , url : https://genius.com/eminem-Wont-Back-Down-lyrics
Title : Yellow Brick Road , url : https://genius.com/eminem-Yellow-Brick-Road-lyrics
Title : You Dont Know , url : https://genius.com/eminem-You-Dont-Know-lyrics
Title : Youre Never Over , url : https://genius.com/eminem-Youre-Never-Over-lyrics
Title : Dont Call Me Marshall Intro , url : https://genius.com/eminem-dont-call-me-marshall-intro-lyrics
Title : Rap Game Solo Mix , url : https://genius.com/eminem-rap-game-solo-mix-lyrics
Title : Slut Phone Call Skit , url : https://genius.com/eminem-slut-phone-call-skit-lyrics
Title : Superman Cry Me A River Remix , url : https://genius.com/eminem-superman-cry-me-a-river-remix-lyrics
Title : Victory Remix , url : https://genius.com/eminem-victory-remix-lyrics
Title : Weed Lacer , url : https://genius.com/eminem-weed-lacer-lyrics
